{"cameraMode":{"drawMode":0,"name":"Shaded","section":"Shading Mode"},"sceneLighting":false,"audioPlay":false,"sceneViewState":{"m_AlwaysRefresh":false,"showFog":true,"showSkybox":false,"showFlares":true,"showImageEffects":true,"showParticleSystems":true,"showVisualEffectGraphs":true,"m_FxEnabled":true},"in2DMode":false,"pivot":{"x":2.9802322387695315e-8,"y":0.8494974374771118,"z":-5.960464477539063e-8},"rotation":{"x":-0.10675130784511566,"y":-0.7525056004524231,"z":0.12599562108516694,"w":-0.6375523805618286},"size":0.8978608250617981,"orthographic":false}